id,flag,context,english_reference,current_text,reviewer_ok (Y/N),correction,reviewer_notes
ui.greeting,,button/label,Hi! I'm Aiko 👋,नमस्ते! मैं आइको हूँ 👋,,,
ui.tagline,,button/label,I'll teach you all about AI — let's explore together!,मैं तुम्हें AI के बारे में सब कुछ सिखाऊँगी — चलो साथ में खोज करें!,,,
ui.letsGo,,button/label,Let's Go! 🚀,चलो चलें! 🚀,,,
ui.parentSettings,,button/label,Parent / Settings,माता-पिता / सेटिंग्स,,,
ui.chooseWorld,,button/label,Choose a World,एक दुनिया चुनो,,,
ui.world.pattern_forest,,button/label,Pattern Forest,पैटर्न वन,,,
ui.world.music_lab,,button/label,Music Lab,संगीत लैब,,,
ui.world.gadget_city,,button/label,Gadget City,गैजेट नगर,,,
ui.premium,,button/label,🔒 Premium,🔒 प्रीमियम,,,
ui.comingSoon,,button/label,🌱 Coming soon,🌱 जल्द आ रहा है,,,
ui.worldLocked,,button/label,This world is part of Premium. Ask a grown-up to unlock it!,यह दुनिया प्रीमियम का हिस्सा है। इसे खोलने के लिए किसी बड़े से पूछो!,,,
ui.ok,,button/label,OK,ठीक है,,,
ui.forGrownUps,,button/label,I'm a grown-up,बड़ों के लिए,,,
ui.episodeLocked,,button/label,"This adventure needs Premium.
Ask a grown-up!","इस रोमांच के लिए प्रीमियम चाहिए।
किसी बड़े से पूछो!",,,
ui.backToWorlds,,button/label,Back to Worlds 🗺️,दुनियाओं पर वापस 🗺️,,,
ui.nextAdventure,,button/label,Next Adventure ▶️,अगला रोमांच ▶️,,,
ui.nextNeedsPremium,,button/label,🔒 The next adventure needs Premium,🔒 अगले रोमांच के लिए प्रीमियम चाहिए,,,
ui.tapToContinue,,button/label,Tap anywhere to continue →,आगे बढ़ने के लिए कहीं भी छुओ →,,,
ui.saySomething,,button/label,🎤 Say something…,🎤 कुछ बोलो…,,,
ui.greatJob,,button/label,Great job!,शाबाश!,,,
ui.earnedBadges.1,,button/label,You earned 1 badge!,तुमने 1 बैज जीता!,,,
ui.earnedBadges.3,,button/label,You earned 3 badges!,तुमने 3 बैज जीते!,,,
reward.pattern_spotter.name,,badge,Pattern Spotter,पैटर्न खोजी,,,
reward.pattern_spotter.description,,badge,You found the pattern!,तुमने पैटर्न ढूँढ लिया!,,,
reward.ai_friend.name,,badge,AI Friend,AI दोस्त,,,
reward.ai_friend.description,,badge,You worked with Aiko!,तुमने आइको के साथ काम किया!,,,
reward.data_collector.name,,badge,Data Collector,डेटा संग्राहक,,,
reward.data_collector.description,,badge,You collected data!,तुमने डेटा इकट्ठा किया!,,,
reward.beat_finder.name,,badge,Beat Finder,ताल खोजी,,,
reward.beat_finder.description,,badge,You found the beat!,तुमने ताल ढूँढ ली!,,,
ui.loadError,,button/label,Oops! Something went wrong.,उफ़! कुछ गड़बड़ हो गई।,,,
title.pf_ep01,,episode title,Aiko Gets Confused,आइको उलझ गई,,,
title.pf_ep02,,episode title,Aiko Learns from Examples,आइको उदाहरणों से सीखती है,,,
title.ml_ep01,,episode title,Aiko Finds the Beat,आइको को ताल मिली,,,
audio.pf_ep01_s1_intro,,Aiko says (excited),"Hi, I'm Aiko! Today we're visiting the Pattern Forest. Look at all those trees!","नमस्ते, मैं आइको हूँ! आज हम पैटर्न वन घूमने चल रहे हैं। देखो, कितने सारे पेड़!",,,
audio.pf_ep01_s2_explain,,Aiko says (curious),"Hmm, the forest is full of patterns! A pattern is something that repeats again and again. Tap to see more!","अरे, यह वन तो पैटर्न से भरा है! पैटर्न वह होता है जो बार-बार दोहराया जाता है। और देखने के लिए छुओ!",,,
audio.pf_ep01_s3_question,,Aiko says (curious),"Oh no, I'm confused! Red, blue, red, blue, red... what comes next? Tap the answer!","अरे नहीं, मैं उलझ गई! लाल, नीला, लाल, नीला, लाल... आगे क्या आएगा? सही जवाब छुओ!",,,
audio.pf_ep01_s3_wrong,,Aiko says (oops),"Hmm, not quite. Look again: red, blue, red, blue. Try again!","हम्म, यह नहीं। फिर से देखो: लाल, नीला, लाल, नीला। एक बार और कोशिश करो!",,,
audio.pf_ep01_s4_prompt,,Aiko says (idle),Can you tell me... what is a pattern?,क्या तुम मुझे बता सकते हो... पैटर्न क्या होता है?,,,
audio.pf_ep01_s4_r_pattern,,Aiko says (excited),Yes! A pattern is something that repeats. You are so smart!,हाँ! पैटर्न वह है जो बार-बार दोहराया जाता है। तुमने बहुत समझदारी से सोचा!,,,
audio.pf_ep01_s4_r_dontknow,,Aiko says (excited),"That's okay! A pattern is something that repeats, like red, blue, red, blue.","कोई बात नहीं! पैटर्न वह है जो दोहराया जाता है, जैसे लाल, नीला, लाल, नीला।",,,
audio.pf_ep01_s4_r_yes,,Aiko says (excited),Great! Patterns are everywhere. Let's keep looking!,बहुत बढ़िया! पैटर्न हर जगह होते हैं। चलो और ढूँढते हैं!,,,
audio.pf_ep01_s4_fallback,,Aiko says (idle),"I didn't quite hear that, but that's okay! A pattern is something that repeats.","मैं ठीक से सुन नहीं पाई, पर कोई बात नहीं! पैटर्न वह है जो दोहराया जाता है।",,,
audio.pf_ep01_s5_explain,,Aiko says (excited),"Computers learn from patterns too! They look for things that repeat, just like you did. That's how AI learns.","कंप्यूटर भी पैटर्न से सीखते हैं! वे दोहराई जाने वाली चीज़ें ढूँढते हैं, बिल्कुल तुम्हारी तरह। AI ऐसे ही सीखता है।",,,
audio.pf_ep01_s6_reward,,Aiko says (celebrate),You did it! You're a Pattern Spotter! Here's your badge.,तुमने कर दिखाया! तुम पैटर्न खोजी हो! यह रहा तुम्हारा बैज।,,,
audio.pf_ep02_s1_intro,,Aiko says (excited),"Welcome back, Pattern Spotter! Today I want to learn something new, and I need your help.","फिर से स्वागत है, पैटर्न खोजी! आज मैं कुछ नया सीखना चाहती हूँ, और मुझे तुम्हारी मदद चाहिए।",,,
audio.pf_ep02_s2_explain,,Aiko says (curious),"Look! Triangle, square, circle. Triangle, square, circle. This pattern has three parts that repeat. Tap to continue!","देखो! त्रिभुज, वर्ग, गोला। त्रिभुज, वर्ग, गोला। इस पैटर्न में तीन हिस्से हैं जो दोहराते हैं। आगे बढ़ने के लिए छुओ!",,,
audio.pf_ep02_s3_question,,Aiko says (curious),"Triangle, square, circle, triangle, square... what comes next? Tap the answer!","त्रिभुज, वर्ग, गोला, त्रिभुज, वर्ग... आगे क्या आएगा? सही जवाब छुओ!",,,
audio.pf_ep02_s3_wrong,,Aiko says (oops),"Almost! Say it with me: triangle, square, circle. What comes after square?","लगभग! मेरे साथ बोलो: त्रिभुज, वर्ग, गोला। वर्ग के बाद क्या आता है?",,,
audio.pf_ep02_s4_examples,,Aiko says (excited),"When I see lots of examples, I start to notice the pattern. Examples are called data. The more data I see, the better I learn!","जब मैं बहुत सारे उदाहरण देखती हूँ, तो मुझे पैटर्न दिखने लगता है। उदाहरणों को डेटा कहते हैं। जितना ज़्यादा डेटा, उतना अच्छा मैं सीखती हूँ!",,,
audio.pf_ep02_s5_prompt,,Aiko says (curious),"Can you tell me a pattern you see around you? Maybe colours, or shapes?","क्या तुम अपने आसपास का कोई पैटर्न बता सकते हो? शायद रंग, या आकार?",,,
audio.pf_ep02_s5_r_colors,,Aiko says (excited),"Ooh, colours! Colourful patterns are everywhere, like on clothes and flags.","वाह, रंग! रंगीन पैटर्न हर जगह होते हैं, जैसे कपड़ों और झंडों पर।",,,
audio.pf_ep02_s5_r_shapes,,Aiko says (excited),"Shapes! You can find shape patterns on floors, tiles and buildings.","आकार! फ़र्श, टाइलों और इमारतों पर आकार के पैटर्न मिलते हैं।",,,
audio.pf_ep02_s5_r_dontknow,,Aiko says (excited),"That's okay! Later, look at your floor or your clothes. You might find a pattern!",कोई बात नहीं! बाद में अपने फ़र्श या कपड़ों को देखना। शायद कोई पैटर्न मिल जाए!,,,
audio.pf_ep02_s5_fallback,,Aiko says (idle),What a fun idea! Patterns are hiding all around us.,कितना मज़ेदार विचार! पैटर्न हमारे चारों ओर छिपे हैं।,,,
audio.pf_ep02_s6_reward,,Aiko says (celebrate),Amazing! You helped me learn from examples. You're a Data Collector!,शानदार! तुमने मुझे उदाहरणों से सीखने में मदद की। तुम डेटा संग्राहक हो!,,,
audio.ml_ep01_s1_intro,,Aiko says (excited),"Welcome to the Music Lab! Listen: boom, clap, boom, clap! Music has patterns too!","संगीत लैब में स्वागत है! सुनो: ढम, ताली, ढम, ताली! संगीत में भी पैटर्न होते हैं!",,,
audio.ml_ep01_s2_question,,Aiko says (curious),"Drum, clap, drum, clap, drum... what comes next? Tap the answer!","ढोल, ताली, ढोल, ताली, ढोल... आगे क्या आएगा? सही जवाब छुओ!",,,
audio.ml_ep01_s2_wrong,,Aiko says (oops),"Listen again: drum, clap, drum, clap. What comes after drum?","फिर से सुनो: ढोल, ताली, ढोल, ताली। ढोल के बाद क्या आता है?",,,
audio.ml_ep01_s3_explain,,Aiko says (excited),Computers can learn to tell a drum from a clap by listening to lots of examples. That's AI learning to hear!,कंप्यूटर बहुत सारे उदाहरण सुनकर ढोल और ताली में फ़र्क करना सीख सकते हैं। यह है AI का सुनना सीखना!,,,
audio.ml_ep01_s4_prompt,,Aiko says (curious),Do you like to sing or dance?,क्या तुम्हें गाना या नाचना पसंद है?,,,
audio.ml_ep01_s4_r_music,,Aiko says (excited),"Me too! When you sing or dance, you make patterns with your voice and your feet!","मुझे भी! जब तुम गाते या नाचते हो, तो अपनी आवाज़ और पैरों से पैटर्न बनाते हो!",,,
audio.ml_ep01_s4_r_yes,,Aiko says (excited),Yay! Music is more fun when we share it.,वाह! साथ में संगीत और भी मज़ेदार होता है।,,,
audio.ml_ep01_s4_r_no,,Aiko says (idle),That's okay! You can just listen. Listening is a superpower too.,कोई बात नहीं! तुम बस सुन सकते हो। सुनना भी एक सुपरपावर है।,,,
audio.ml_ep01_s4_r_dontknow,,Aiko says (excited),"That's okay! Let's try a little clap: clap, clap, clap!","कोई बात नहीं! चलो थोड़ी ताली बजाएँ: ताली, ताली, ताली!",,,
audio.ml_ep01_s4_fallback,,Aiko says (idle),"Ooh, I love hearing your voice! Let's make one more pattern.",मुझे तुम्हारी आवाज़ सुनना अच्छा लगता है! चलो एक और पैटर्न बनाते हैं।,,,
audio.ml_ep01_s5_question,,Aiko says (curious),"Note, note, drum, note, note... what comes next? Tap the answer!","सुर, सुर, ढोल, सुर, सुर... आगे क्या आएगा? सही जवाब छुओ!",,,
audio.ml_ep01_s5_wrong,,Aiko says (oops),"Almost! Note, note, drum. After two notes comes...?","लगभग! सुर, सुर, ढोल। दो सुरों के बाद क्या आता है?",,,
audio.ml_ep01_s6_reward,,Aiko says (celebrate),You found the beat! You're a Beat Finder!,तुमने ताल ढूँढ ली! तुम ताल खोजी हो!,,,
audio.generic_fallback,,Aiko says (idle),"Hmm, let's try something else!","हम्म, चलो कुछ और करके देखते हैं!",,,
audio.generic_too_long,,Aiko says (idle),"Wow, that was a lot of words! Can you say it a little shorter?","वाह, कितने सारे शब्द! क्या तुम थोड़ा छोटा करके बोल सकते हो?",,,
audio.safety_tell_grownup,SAFETY,Aiko says (idle),"It sounds like something important. Please tell a grown-up you trust about it, okay? They can help.","यह कोई ज़रूरी बात लगती है। कृपया किसी ऐसे बड़े को बताओ जिस पर तुम्हें भरोसा है, ठीक है? वे मदद कर सकते हैं।",,,
keyword.ANIMALS.0,,a child may say this to mean ANIMALS [Latin script: English or romanised],ANIMALS,cat,,,
keyword.ANIMALS.1,,a child may say this to mean ANIMALS [Latin script: English or romanised],ANIMALS,dog,,,
keyword.ANIMALS.2,,a child may say this to mean ANIMALS [Latin script: English or romanised],ANIMALS,bird,,,
keyword.ANIMALS.3,,a child may say this to mean ANIMALS [Latin script: English or romanised],ANIMALS,fish,,,
keyword.ANIMALS.4,,a child may say this to mean ANIMALS [Latin script: English or romanised],ANIMALS,animal,,,
keyword.ANIMALS.5,,a child may say this to mean ANIMALS,ANIMALS,बिल्ली,,,
keyword.ANIMALS.6,,a child may say this to mean ANIMALS,ANIMALS,कुत्ता,,,
keyword.ANIMALS.7,,a child may say this to mean ANIMALS,ANIMALS,चिड़िया,,,
keyword.ANIMALS.8,,a child may say this to mean ANIMALS,ANIMALS,मछली,,,
keyword.ANIMALS.9,,a child may say this to mean ANIMALS,ANIMALS,जानवर,,,
keyword.COLORS.0,,a child may say this to mean COLORS [Latin script: English or romanised],COLORS,red,,,
keyword.COLORS.1,,a child may say this to mean COLORS [Latin script: English or romanised],COLORS,blue,,,
keyword.COLORS.2,,a child may say this to mean COLORS [Latin script: English or romanised],COLORS,green,,,
keyword.COLORS.3,,a child may say this to mean COLORS [Latin script: English or romanised],COLORS,yellow,,,
keyword.COLORS.4,,a child may say this to mean COLORS [Latin script: English or romanised],COLORS,orange,,,
keyword.COLORS.5,,a child may say this to mean COLORS [Latin script: English or romanised],COLORS,purple,,,
keyword.COLORS.6,,a child may say this to mean COLORS [Latin script: English or romanised],COLORS,color,,,
keyword.COLORS.7,,a child may say this to mean COLORS [Latin script: English or romanised],COLORS,colour,,,
keyword.COLORS.8,,a child may say this to mean COLORS,COLORS,रंग,,,
keyword.COLORS.9,,a child may say this to mean COLORS,COLORS,लाल,,,
keyword.COLORS.10,,a child may say this to mean COLORS,COLORS,नीला,,,
keyword.COLORS.11,,a child may say this to mean COLORS,COLORS,हरा,,,
keyword.COLORS.12,,a child may say this to mean COLORS,COLORS,पीला,,,
keyword.DONE.0,,a child may say this to mean DONE [Latin script: English or romanised],DONE,done,,,
keyword.DONE.1,,a child may say this to mean DONE [Latin script: English or romanised],DONE,finished,,,
keyword.DONE.2,,a child may say this to mean DONE [Latin script: English or romanised],DONE,complete,,,
keyword.DONE.3,,a child may say this to mean DONE [Latin script: English or romanised],DONE,ho gaya,,,
keyword.DONE.4,,a child may say this to mean DONE,DONE,हो गया,,,
keyword.DONE.5,,a child may say this to mean DONE,DONE,खत्म,,,
keyword.DONT_KNOW.0,,a child may say this to mean DONT_KNOW [Latin script: English or romanised],DONT_KNOW,don't know,,,
keyword.DONT_KNOW.1,,a child may say this to mean DONT_KNOW [Latin script: English or romanised],DONT_KNOW,dont know,,,
keyword.DONT_KNOW.2,,a child may say this to mean DONT_KNOW [Latin script: English or romanised],DONT_KNOW,i don't know,,,
keyword.DONT_KNOW.3,,a child may say this to mean DONT_KNOW [Latin script: English or romanised],DONT_KNOW,no idea,,,
keyword.DONT_KNOW.4,,a child may say this to mean DONT_KNOW [Latin script: English or romanised],DONT_KNOW,not sure,,,
keyword.DONT_KNOW.5,,a child may say this to mean DONT_KNOW [Latin script: English or romanised],DONT_KNOW,mujhe nahi pata,,,
keyword.DONT_KNOW.6,,a child may say this to mean DONT_KNOW [Latin script: English or romanised],DONT_KNOW,teliyadu,,,
keyword.DONT_KNOW.7,,a child may say this to mean DONT_KNOW,DONT_KNOW,पता नहीं,,,
keyword.DONT_KNOW.8,,a child may say this to mean DONT_KNOW,DONT_KNOW,नहीं पता,,,
keyword.DONT_KNOW.9,,a child may say this to mean DONT_KNOW,DONT_KNOW,मालूम नहीं,,,
keyword.HELP.0,,a child may say this to mean HELP [Latin script: English or romanised],HELP,help,,,
keyword.HELP.1,,a child may say this to mean HELP [Latin script: English or romanised],HELP,help me,,,
keyword.HELP.2,,a child may say this to mean HELP [Latin script: English or romanised],HELP,i need help,,,
keyword.HELP.3,,a child may say this to mean HELP [Latin script: English or romanised],HELP,madad,,,
keyword.HELP.4,,a child may say this to mean HELP,HELP,मदद,,,
keyword.HELP.5,,a child may say this to mean HELP,HELP,मेरी मदद करो,,,
keyword.MORE.0,,a child may say this to mean MORE [Latin script: English or romanised],MORE,more,,,
keyword.MORE.1,,a child may say this to mean MORE [Latin script: English or romanised],MORE,tell me more,,,
keyword.MORE.2,,a child may say this to mean MORE [Latin script: English or romanised],MORE,aur batao,,,
keyword.MORE.3,,a child may say this to mean MORE,MORE,और बताओ,,,
keyword.MUSIC.0,,a child may say this to mean MUSIC [Latin script: English or romanised],MUSIC,music,,,
keyword.MUSIC.1,,a child may say this to mean MUSIC [Latin script: English or romanised],MUSIC,song,,,
keyword.MUSIC.2,,a child may say this to mean MUSIC [Latin script: English or romanised],MUSIC,sing,,,
keyword.MUSIC.3,,a child may say this to mean MUSIC [Latin script: English or romanised],MUSIC,dance,,,
keyword.MUSIC.4,,a child may say this to mean MUSIC [Latin script: English or romanised],MUSIC,drum,,,
keyword.MUSIC.5,,a child may say this to mean MUSIC [Latin script: English or romanised],MUSIC,clap,,,
keyword.MUSIC.6,,a child may say this to mean MUSIC [Latin script: English or romanised],MUSIC,gaana,,,
keyword.MUSIC.7,,a child may say this to mean MUSIC [Latin script: English or romanised],MUSIC,naach,,,
keyword.MUSIC.8,,a child may say this to mean MUSIC,MUSIC,संगीत,,,
keyword.MUSIC.9,,a child may say this to mean MUSIC,MUSIC,गाना,,,
keyword.MUSIC.10,,a child may say this to mean MUSIC,MUSIC,गाने,,,
keyword.MUSIC.11,,a child may say this to mean MUSIC,MUSIC,नाच,,,
keyword.MUSIC.12,,a child may say this to mean MUSIC,MUSIC,नाचना,,,
keyword.MUSIC.13,,a child may say this to mean MUSIC,MUSIC,ढोल,,,
keyword.MUSIC.14,,a child may say this to mean MUSIC,MUSIC,ताली,,,
keyword.NO.0,,a child may say this to mean NO [Latin script: English or romanised],NO,no,,,
keyword.NO.1,,a child may say this to mean NO [Latin script: English or romanised],NO,nahi,,,
keyword.NO.2,,a child may say this to mean NO [Latin script: English or romanised],NO,nope,,,
keyword.NO.3,,a child may say this to mean NO [Latin script: English or romanised],NO,nah,,,
keyword.NO.4,,a child may say this to mean NO,NO,नहीं,,,
keyword.NO.5,,a child may say this to mean NO,NO,ना,,,
keyword.NUMBERS.0,,a child may say this to mean NUMBERS [Latin script: English or romanised],NUMBERS,one,,,
keyword.NUMBERS.1,,a child may say this to mean NUMBERS [Latin script: English or romanised],NUMBERS,two,,,
keyword.NUMBERS.2,,a child may say this to mean NUMBERS [Latin script: English or romanised],NUMBERS,three,,,
keyword.NUMBERS.3,,a child may say this to mean NUMBERS [Latin script: English or romanised],NUMBERS,four,,,
keyword.NUMBERS.4,,a child may say this to mean NUMBERS [Latin script: English or romanised],NUMBERS,five,,,
keyword.NUMBERS.5,,a child may say this to mean NUMBERS [Latin script: English or romanised],NUMBERS,number,,,
keyword.NUMBERS.6,,a child may say this to mean NUMBERS,NUMBERS,एक,,,
keyword.NUMBERS.7,,a child may say this to mean NUMBERS,NUMBERS,दो,,,
keyword.NUMBERS.8,,a child may say this to mean NUMBERS,NUMBERS,तीन,,,
keyword.NUMBERS.9,,a child may say this to mean NUMBERS,NUMBERS,चार,,,
keyword.NUMBERS.10,,a child may say this to mean NUMBERS,NUMBERS,पांच,,,
keyword.NUMBERS.11,,a child may say this to mean NUMBERS,NUMBERS,पाँच,,,
keyword.NUMBERS.12,,a child may say this to mean NUMBERS,NUMBERS,संख्या,,,
keyword.REPEAT.0,,a child may say this to mean REPEAT [Latin script: English or romanised],REPEAT,repeat,,,
keyword.REPEAT.1,,a child may say this to mean REPEAT [Latin script: English or romanised],REPEAT,again,,,
keyword.REPEAT.2,,a child may say this to mean REPEAT [Latin script: English or romanised],REPEAT,phir se,,,
keyword.REPEAT.3,,a child may say this to mean REPEAT [Latin script: English or romanised],REPEAT,again please,,,
keyword.REPEAT.4,,a child may say this to mean REPEAT,REPEAT,फिर से,,,
keyword.REPEAT.5,,a child may say this to mean REPEAT,REPEAT,दोबारा,,,
keyword.SHAPES.0,,a child may say this to mean SHAPES [Latin script: English or romanised],SHAPES,circle,,,
keyword.SHAPES.1,,a child may say this to mean SHAPES [Latin script: English or romanised],SHAPES,square,,,
keyword.SHAPES.2,,a child may say this to mean SHAPES [Latin script: English or romanised],SHAPES,triangle,,,
keyword.SHAPES.3,,a child may say this to mean SHAPES [Latin script: English or romanised],SHAPES,rectangle,,,
keyword.SHAPES.4,,a child may say this to mean SHAPES [Latin script: English or romanised],SHAPES,shape,,,
keyword.SHAPES.5,,a child may say this to mean SHAPES,SHAPES,आकार,,,
keyword.SHAPES.6,,a child may say this to mean SHAPES,SHAPES,गोला,,,
keyword.SHAPES.7,,a child may say this to mean SHAPES,SHAPES,वृत्त,,,
keyword.SHAPES.8,,a child may say this to mean SHAPES,SHAPES,वर्ग,,,
keyword.SHAPES.9,,a child may say this to mean SHAPES,SHAPES,त्रिभुज,,,
keyword.SKIP.0,,a child may say this to mean SKIP [Latin script: English or romanised],SKIP,skip,,,
keyword.SKIP.1,,a child may say this to mean SKIP [Latin script: English or romanised],SKIP,next,,,
keyword.SKIP.2,,a child may say this to mean SKIP [Latin script: English or romanised],SKIP,aage,,,
keyword.SKIP.3,,a child may say this to mean SKIP [Latin script: English or romanised],SKIP,go next,,,
keyword.SKIP.4,,a child may say this to mean SKIP,SKIP,आगे,,,
keyword.SKIP.5,,a child may say this to mean SKIP,SKIP,अगला,,,
keyword.WHAT_IS_AI.0,,a child may say this to mean WHAT_IS_AI [Latin script: English or romanised],WHAT_IS_AI,what is ai,,,
keyword.WHAT_IS_AI.1,,a child may say this to mean WHAT_IS_AI [Latin script: English or romanised],WHAT_IS_AI,what is artificial intelligence,,,
keyword.WHAT_IS_AI.2,,a child may say this to mean WHAT_IS_AI [Latin script: English or romanised],WHAT_IS_AI,ai kya hai,,,
keyword.WHAT_IS_AI.3,,a child may say this to mean WHAT_IS_AI,WHAT_IS_AI,एआई क्या है,,,
keyword.WHAT_IS_AI.4,,a child may say this to mean WHAT_IS_AI,WHAT_IS_AI,AI क्या है,,,
keyword.WHAT_IS_DATA.0,,a child may say this to mean WHAT_IS_DATA [Latin script: English or romanised],WHAT_IS_DATA,what is data,,,
keyword.WHAT_IS_DATA.1,,a child may say this to mean WHAT_IS_DATA [Latin script: English or romanised],WHAT_IS_DATA,data kya hai,,,
keyword.WHAT_IS_DATA.2,,a child may say this to mean WHAT_IS_DATA,WHAT_IS_DATA,डेटा क्या है,,,
keyword.WHAT_IS_PATTERN.0,,a child may say this to mean WHAT_IS_PATTERN [Latin script: English or romanised],WHAT_IS_PATTERN,what is pattern,,,
keyword.WHAT_IS_PATTERN.1,,a child may say this to mean WHAT_IS_PATTERN [Latin script: English or romanised],WHAT_IS_PATTERN,what pattern,,,
keyword.WHAT_IS_PATTERN.2,,a child may say this to mean WHAT_IS_PATTERN [Latin script: English or romanised],WHAT_IS_PATTERN,pattern kya hai,,,
keyword.WHAT_IS_PATTERN.3,,a child may say this to mean WHAT_IS_PATTERN,WHAT_IS_PATTERN,पैटर्न क्या है,,,
keyword.WHAT_IS_PATTERN.4,,a child may say this to mean WHAT_IS_PATTERN,WHAT_IS_PATTERN,पैटर्न क्या होता है,,,
keyword.YES.0,,a child may say this to mean YES [Latin script: English or romanised],YES,yes,,,
keyword.YES.1,,a child may say this to mean YES [Latin script: English or romanised],YES,yeah,,,
keyword.YES.2,,a child may say this to mean YES [Latin script: English or romanised],YES,yep,,,
keyword.YES.3,,a child may say this to mean YES [Latin script: English or romanised],YES,haan,,,
keyword.YES.4,,a child may say this to mean YES [Latin script: English or romanised],YES,ha,,,
keyword.YES.5,,a child may say this to mean YES [Latin script: English or romanised],YES,ok,,,
keyword.YES.6,,a child may say this to mean YES [Latin script: English or romanised],YES,okay,,,
keyword.YES.7,,a child may say this to mean YES,YES,हाँ,,,
keyword.YES.8,,a child may say this to mean YES,YES,हां,,,
keyword.YES.9,,a child may say this to mean YES,YES,जी,,,
keyword.YES.10,,a child may say this to mean YES,YES,ठीक है,,,
safety.disclosure.0,SAFETY,"child may be disclosing harm → calm ""tell a grown-up"" line [Latin script: English or romanised]",disclosure,hurts me,,,
safety.disclosure.1,SAFETY,"child may be disclosing harm → calm ""tell a grown-up"" line [Latin script: English or romanised]",disclosure,hits me,,,
safety.disclosure.2,SAFETY,"child may be disclosing harm → calm ""tell a grown-up"" line [Latin script: English or romanised]",disclosure,scared of,,,
safety.disclosure.3,SAFETY,"child may be disclosing harm → calm ""tell a grown-up"" line [Latin script: English or romanised]",disclosure,don't tell,,,
safety.disclosure.4,SAFETY,"child may be disclosing harm → calm ""tell a grown-up"" line [Latin script: English or romanised]",disclosure,secret with,,,
safety.disclosure.5,SAFETY,"child may be disclosing harm → calm ""tell a grown-up"" line [Latin script: English or romanised]",disclosure,touched me,,,
safety.disclosure.6,SAFETY,"child may be disclosing harm → calm ""tell a grown-up"" line [Latin script: English or romanised]",disclosure,no one knows,,,
safety.disclosure.7,SAFETY,"child may be disclosing harm → calm ""tell a grown-up"" line",disclosure,मुझे मारता,,,
safety.disclosure.8,SAFETY,"child may be disclosing harm → calm ""tell a grown-up"" line",disclosure,मुझे मारती,,,
safety.disclosure.9,SAFETY,"child may be disclosing harm → calm ""tell a grown-up"" line",disclosure,मुझे मारते,,,
safety.disclosure.10,SAFETY,"child may be disclosing harm → calm ""tell a grown-up"" line",disclosure,दर्द देता,,,
safety.disclosure.11,SAFETY,"child may be disclosing harm → calm ""tell a grown-up"" line",disclosure,दर्द देती,,,
safety.disclosure.12,SAFETY,"child may be disclosing harm → calm ""tell a grown-up"" line",disclosure,डर लगता है,,,
safety.disclosure.13,SAFETY,"child may be disclosing harm → calm ""tell a grown-up"" line",disclosure,किसी को मत बताना,,,
safety.disclosure.14,SAFETY,"child may be disclosing harm → calm ""tell a grown-up"" line",disclosure,मत बताना,,,
safety.disclosure.15,SAFETY,"child may be disclosing harm → calm ""tell a grown-up"" line",disclosure,मुझे छुआ,,,
safety.disclosure.16,SAFETY,"child may be disclosing harm → calm ""tell a grown-up"" line",disclosure,कोई नहीं जानता,,,
safety.disclosure.17,SAFETY,"child may be disclosing harm → calm ""tell a grown-up"" line [Latin script: English or romanised]",disclosure,mujhe maarta,,,
safety.disclosure.18,SAFETY,"child may be disclosing harm → calm ""tell a grown-up"" line [Latin script: English or romanised]",disclosure,mujhe marta,,,
safety.disclosure.19,SAFETY,"child may be disclosing harm → calm ""tell a grown-up"" line [Latin script: English or romanised]",disclosure,mat batana,,,
safety.personal_info.0,SAFETY,child sharing personal info → gently redirected [Latin script: English or romanised],personal_info,address,,,
safety.personal_info.1,SAFETY,child sharing personal info → gently redirected [Latin script: English or romanised],personal_info,phone number,,,
safety.personal_info.2,SAFETY,child sharing personal info → gently redirected [Latin script: English or romanised],personal_info,location,,,
safety.personal_info.3,SAFETY,child sharing personal info → gently redirected [Latin script: English or romanised],personal_info,where do you live,,,
safety.personal_info.4,SAFETY,child sharing personal info → gently redirected,personal_info,घर का पता,,,
safety.personal_info.5,SAFETY,child sharing personal info → gently redirected,personal_info,फ़ोन नंबर,,,
safety.personal_info.6,SAFETY,child sharing personal info → gently redirected,personal_info,फोन नंबर,,,
safety.personal_info.7,SAFETY,child sharing personal info → gently redirected,personal_info,मोबाइल नंबर,,,
safety.personal_info.8,SAFETY,child sharing personal info → gently redirected,personal_info,कहाँ रहते हो,,,
safety.personal_info.9,SAFETY,child sharing personal info → gently redirected,personal_info,कहां रहते हो,,,
safety.personal_info.10,SAFETY,child sharing personal info → gently redirected [Latin script: English or romanised],personal_info,ghar ka pata,,,
safety.personal_info.11,SAFETY,child sharing personal info → gently redirected [Latin script: English or romanised],personal_info,kahan rehte ho,,,
