line_id,file,episode,step,emotion,direction,english_reference,text,notes
pf_ep01_s1_intro,pf_ep01_s1_intro.wav,pf_ep01,s1,excited,"High energy, wide pitch range, a little faster. Wonder, not screaming.","Hi, I'm Aiko! Today we're visiting the Pattern Forest. Look at all those trees!","नमस्ते, मैं आइको हूँ! आज हम पैटर्न वन घूमने चल रहे हैं। देखो, कितने सारे पेड़!",DRAFT translation - needs native-speaker review
pf_ep01_s2_explain,pf_ep01_s2_explain.wav,pf_ep01,s2,curious,"Wondering, slightly slower, rising intonation on questions. Never confused-sad.","Hmm, the forest is full of patterns! A pattern is something that repeats again and again. Tap to see more!","अरे, यह वन तो पैटर्न से भरा है! पैटर्न वह होता है जो बार-बार दोहराया जाता है। और देखने के लिए छुओ!",DRAFT translation - needs native-speaker review
pf_ep01_s3_question,pf_ep01_s3_question.wav,pf_ep01,s3,curious,"Wondering, slightly slower, rising intonation on questions. Never confused-sad.","Oh no, I'm confused! Red, blue, red, blue, red... what comes next? Tap the answer!","अरे नहीं, मैं उलझ गई! लाल, नीला, लाल, नीला, लाल... आगे क्या आएगा? सही जवाब छुओ!",Game prompt | DRAFT translation - needs native-speaker review
pf_ep01_s3_wrong,pf_ep01_s3_wrong.wav,pf_ep01,s3,curious,"Wondering, slightly slower, rising intonation on questions. Never confused-sad.","Hmm, not quite. Look again: red, blue, red, blue. Try again!","हम्म, यह नहीं। फिर से देखो: लाल, नीला, लाल, नीला। एक बार और कोशिश करो!","Played on a wrong tap; keep it warm, never negative | DRAFT translation - needs native-speaker review"
pf_ep01_s4_prompt,pf_ep01_s4_prompt.wav,pf_ep01,s4,normal,"Warm, calm, friendly. Conversational pace.",Can you tell me... what is a pattern?,क्या तुम मुझे बता सकते हो... पैटर्न क्या होता है?,Child answers by voice; 10s timeout | DRAFT translation - needs native-speaker review
pf_ep01_s4_r_pattern,pf_ep01_s4_r_pattern.wav,pf_ep01,s4,happy,"Bright smile in the voice. Praise that feels earned, not shouted.",Yes! A pattern is something that repeats. You are so smart!,हाँ! पैटर्न वह है जो बार-बार दोहराया जाता है। तुमने बहुत समझदारी से सोचा!,Reply to WHAT_IS_PATTERN | DRAFT translation - needs native-speaker review
pf_ep01_s4_r_dontknow,pf_ep01_s4_r_dontknow.wav,pf_ep01,s4,happy,"Bright smile in the voice. Praise that feels earned, not shouted.","That's okay! A pattern is something that repeats, like red, blue, red, blue.","कोई बात नहीं! पैटर्न वह है जो दोहराया जाता है, जैसे लाल, नीला, लाल, नीला।",Reply to DONT_KNOW | DRAFT translation - needs native-speaker review
pf_ep01_s4_r_yes,pf_ep01_s4_r_yes.wav,pf_ep01,s4,happy,"Bright smile in the voice. Praise that feels earned, not shouted.",Great! Patterns are everywhere. Let's keep looking!,बहुत बढ़िया! पैटर्न हर जगह होते हैं। चलो और ढूँढते हैं!,Reply to YES | DRAFT translation - needs native-speaker review
pf_ep01_s4_fallback,pf_ep01_s4_fallback.wav,pf_ep01,s4,normal,"Warm, calm, friendly. Conversational pace.","I didn't quite hear that, but that's okay! A pattern is something that repeats.","मैं ठीक से सुन नहीं पाई, पर कोई बात नहीं! पैटर्न वह है जो दोहराया जाता है।",Unrecognised speech / timeout | DRAFT translation - needs native-speaker review
pf_ep01_s5_explain,pf_ep01_s5_explain.wav,pf_ep01,s5,happy,"Bright smile in the voice. Praise that feels earned, not shouted.","Computers learn from patterns too! They look for things that repeat, just like you did. That's how AI learns.","कंप्यूटर भी पैटर्न से सीखते हैं! वे दोहराई जाने वाली चीज़ें ढूँढते हैं, बिल्कुल तुम्हारी तरह। AI ऐसे ही सीखता है।",DRAFT translation - needs native-speaker review
pf_ep01_s6_reward,pf_ep01_s6_reward.wav,pf_ep01,s6,celebrate,"Biggest energy of the episode. Cheerful, proud of the child.",You did it! You're a Pattern Spotter! Here's your badge.,तुमने कर दिखाया! तुम पैटर्न खोजी हो! यह रहा तुम्हारा बैज।,Reward step | DRAFT translation - needs native-speaker review
pf_ep02_s1_intro,pf_ep02_s1_intro.wav,pf_ep02,s1,excited,"High energy, wide pitch range, a little faster. Wonder, not screaming.","Welcome back, Pattern Spotter! Today I want to learn something new, and I need your help.","फिर से स्वागत है, पैटर्न खोजी! आज मैं कुछ नया सीखना चाहती हूँ, और मुझे तुम्हारी मदद चाहिए।",DRAFT translation - needs native-speaker review
pf_ep02_s2_explain,pf_ep02_s2_explain.wav,pf_ep02,s2,curious,"Wondering, slightly slower, rising intonation on questions. Never confused-sad.","Look! Triangle, square, circle. Triangle, square, circle. This pattern has three parts that repeat. Tap to continue!","देखो! त्रिभुज, वर्ग, गोला। त्रिभुज, वर्ग, गोला। इस पैटर्न में तीन हिस्से हैं जो दोहराते हैं। आगे बढ़ने के लिए छुओ!",DRAFT translation - needs native-speaker review
pf_ep02_s3_question,pf_ep02_s3_question.wav,pf_ep02,s3,curious,"Wondering, slightly slower, rising intonation on questions. Never confused-sad.","Triangle, square, circle, triangle, square... what comes next? Tap the answer!","त्रिभुज, वर्ग, गोला, त्रिभुज, वर्ग... आगे क्या आएगा? सही जवाब छुओ!",Game prompt | DRAFT translation - needs native-speaker review
pf_ep02_s3_wrong,pf_ep02_s3_wrong.wav,pf_ep02,s3,curious,"Wondering, slightly slower, rising intonation on questions. Never confused-sad.","Almost! Say it with me: triangle, square, circle. What comes after square?","लगभग! मेरे साथ बोलो: त्रिभुज, वर्ग, गोला। वर्ग के बाद क्या आता है?","Played on a wrong tap; keep it warm, never negative | DRAFT translation - needs native-speaker review"
pf_ep02_s4_examples,pf_ep02_s4_examples.wav,pf_ep02,s4,happy,"Bright smile in the voice. Praise that feels earned, not shouted.","When I see lots of examples, I start to notice the pattern. Examples are called data. The more data I see, the better I learn!","जब मैं बहुत सारे उदाहरण देखती हूँ, तो मुझे पैटर्न दिखने लगता है। उदाहरणों को डेटा कहते हैं। जितना ज़्यादा डेटा, उतना अच्छा मैं सीखती हूँ!",Core idea: examples = data | DRAFT translation - needs native-speaker review
pf_ep02_s5_prompt,pf_ep02_s5_prompt.wav,pf_ep02,s5,curious,"Wondering, slightly slower, rising intonation on questions. Never confused-sad.","Can you tell me a pattern you see around you? Maybe colours, or shapes?","क्या तुम अपने आसपास का कोई पैटर्न बता सकते हो? शायद रंग, या आकार?",Child answers by voice; 10s timeout | DRAFT translation - needs native-speaker review
pf_ep02_s5_r_colors,pf_ep02_s5_r_colors.wav,pf_ep02,s5,happy,"Bright smile in the voice. Praise that feels earned, not shouted.","Ooh, colours! Colourful patterns are everywhere, like on clothes and flags.","वाह, रंग! रंगीन पैटर्न हर जगह होते हैं, जैसे कपड़ों और झंडों पर।",Reply to COLORS | DRAFT translation - needs native-speaker review
pf_ep02_s5_r_shapes,pf_ep02_s5_r_shapes.wav,pf_ep02,s5,happy,"Bright smile in the voice. Praise that feels earned, not shouted.","Shapes! You can find shape patterns on floors, tiles and buildings.","आकार! फ़र्श, टाइलों और इमारतों पर आकार के पैटर्न मिलते हैं।",Reply to SHAPES | DRAFT translation - needs native-speaker review
pf_ep02_s5_r_dontknow,pf_ep02_s5_r_dontknow.wav,pf_ep02,s5,happy,"Bright smile in the voice. Praise that feels earned, not shouted.","That's okay! Later, look at your floor or your clothes. You might find a pattern!",कोई बात नहीं! बाद में अपने फ़र्श या कपड़ों को देखना। शायद कोई पैटर्न मिल जाए!,Reply to DONT_KNOW | DRAFT translation - needs native-speaker review
pf_ep02_s5_fallback,pf_ep02_s5_fallback.wav,pf_ep02,s5,normal,"Warm, calm, friendly. Conversational pace.",What a fun idea! Patterns are hiding all around us.,कितना मज़ेदार विचार! पैटर्न हमारे चारों ओर छिपे हैं।,Unrecognised speech / timeout | DRAFT translation - needs native-speaker review
pf_ep02_s6_reward,pf_ep02_s6_reward.wav,pf_ep02,s6,celebrate,"Biggest energy of the episode. Cheerful, proud of the child.",Amazing! You helped me learn from examples. You're a Data Collector!,शानदार! तुमने मुझे उदाहरणों से सीखने में मदद की। तुम डेटा संग्राहक हो!,Reward step | DRAFT translation - needs native-speaker review
generic_fallback,generic_fallback.wav,shared,,normal,"Warm, calm, friendly. Conversational pace.","Hmm, let's try something else!","हम्म, चलो कुछ और करके देखते हैं!",Used when a step has no fallback and for blocked speech | DRAFT translation - needs native-speaker review
generic_too_long,generic_too_long.wav,shared,,normal,"Warm, calm, friendly. Conversational pace.","Wow, that was a lot of words! Can you say it a little shorter?","वाह, कितने सारे शब्द! क्या तुम थोड़ा छोटा करके बोल सकते हो?",Speech over 120 characters | DRAFT translation - needs native-speaker review
safety_tell_grownup,safety_tell_grownup.wav,shared,,normal,"Warm, calm, friendly. Conversational pace.","It sounds like something important. Please tell a grown-up you trust about it, okay? They can help.","यह कोई ज़रूरी बात लगती है। कृपया किसी ऐसे बड़े को बताओ जिस पर तुम्हें भरोसा है, ठीक है? वे मदद कर सकते हैं।",SAFETY: disclosure response. Have a parent/child-safety reviewer approve wording before release | SAFETY + DRAFT translation - needs native-speaker review
