line_id,episode,step,emotion,text_en,notes
pf_ep01_s1_intro,pf_ep01,s1,excited,"Hi, I'm Aiko! Today we're visiting the Pattern Forest. Look at all those trees!",
pf_ep01_s2_explain,pf_ep01,s2,curious,"Hmm, the forest is full of patterns! A pattern is something that repeats again and again. Tap to see more!",
pf_ep01_s3_question,pf_ep01,s3,curious,"Oh no, I'm confused! Red, blue, red, blue, red... what comes next? Tap the answer!",Game prompt
pf_ep01_s3_wrong,pf_ep01,s3,curious,"Hmm, not quite. Look again: red, blue, red, blue. Try again!","Played on a wrong tap; keep it warm, never negative"
pf_ep01_s4_prompt,pf_ep01,s4,normal,Can you tell me... what is a pattern?,Child answers by voice; 10s timeout
pf_ep01_s4_r_pattern,pf_ep01,s4,happy,Yes! A pattern is something that repeats. You are so smart!,Reply to WHAT_IS_PATTERN
pf_ep01_s4_r_dontknow,pf_ep01,s4,happy,"That's okay! A pattern is something that repeats, like red, blue, red, blue.",Reply to DONT_KNOW
pf_ep01_s4_r_yes,pf_ep01,s4,happy,Great! Patterns are everywhere. Let's keep looking!,Reply to YES
pf_ep01_s4_fallback,pf_ep01,s4,normal,"I didn't quite hear that, but that's okay! A pattern is something that repeats.",Unrecognised speech / timeout
pf_ep01_s5_explain,pf_ep01,s5,happy,"Computers learn from patterns too! They look for things that repeat, just like you did. That's how AI learns.",
pf_ep01_s6_reward,pf_ep01,s6,celebrate,You did it! You're a Pattern Spotter! Here's your badge.,Reward step
pf_ep02_s1_intro,pf_ep02,s1,excited,"Welcome back, Pattern Spotter! Today I want to learn something new, and I need your help.",
pf_ep02_s2_explain,pf_ep02,s2,curious,"Look! Triangle, square, circle. Triangle, square, circle. This pattern has three parts that repeat. Tap to continue!",
pf_ep02_s3_question,pf_ep02,s3,curious,"Triangle, square, circle, triangle, square... what comes next? Tap the answer!",Game prompt
pf_ep02_s3_wrong,pf_ep02,s3,curious,"Almost! Say it with me: triangle, square, circle. What comes after square?","Played on a wrong tap; keep it warm, never negative"
pf_ep02_s4_examples,pf_ep02,s4,happy,"When I see lots of examples, I start to notice the pattern. Examples are called data. The more data I see, the better I learn!",Core idea: examples = data
pf_ep02_s5_prompt,pf_ep02,s5,curious,"Can you tell me a pattern you see around you? Maybe colours, or shapes?",Child answers by voice; 10s timeout
pf_ep02_s5_r_colors,pf_ep02,s5,happy,"Ooh, colours! Colourful patterns are everywhere, like on clothes and flags.",Reply to COLORS
pf_ep02_s5_r_shapes,pf_ep02,s5,happy,"Shapes! You can find shape patterns on floors, tiles and buildings.",Reply to SHAPES
pf_ep02_s5_r_dontknow,pf_ep02,s5,happy,"That's okay! Later, look at your floor or your clothes. You might find a pattern!",Reply to DONT_KNOW
pf_ep02_s5_fallback,pf_ep02,s5,normal,What a fun idea! Patterns are hiding all around us.,Unrecognised speech / timeout
pf_ep02_s6_reward,pf_ep02,s6,celebrate,Amazing! You helped me learn from examples. You're a Data Collector!,Reward step
ml_ep01_s1_intro,ml_ep01,s1,excited,"Welcome to the Music Lab! Listen: boom, clap, boom, clap! Music has patterns too!",
ml_ep01_s2_question,ml_ep01,s2,curious,"Drum, clap, drum, clap, drum... what comes next? Tap the answer!",Game prompt
ml_ep01_s2_wrong,ml_ep01,s2,curious,"Listen again: drum, clap, drum, clap. What comes after drum?","Played on a wrong tap; keep it warm, never negative"
ml_ep01_s3_explain,ml_ep01,s3,happy,Computers can learn to tell a drum from a clap by listening to lots of examples. That's AI learning to hear!,Core idea: AI learns sounds from examples
ml_ep01_s4_prompt,ml_ep01,s4,curious,Do you like to sing or dance?,Child answers by voice; 10s timeout
ml_ep01_s4_r_music,ml_ep01,s4,happy,"Me too! When you sing or dance, you make patterns with your voice and your feet!",Reply to MUSIC
ml_ep01_s4_r_yes,ml_ep01,s4,happy,Yay! Music is more fun when we share it.,Reply to YES
ml_ep01_s4_r_no,ml_ep01,s4,normal,That's okay! You can just listen. Listening is a superpower too.,"Reply to NO; accepting, never disappointed"
ml_ep01_s4_r_dontknow,ml_ep01,s4,happy,"That's okay! Let's try a little clap: clap, clap, clap!",Reply to DONT_KNOW
ml_ep01_s4_fallback,ml_ep01,s4,normal,"Ooh, I love hearing your voice! Let's make one more pattern.",Unrecognised speech / timeout
ml_ep01_s5_question,ml_ep01,s5,curious,"Note, note, drum, note, note... what comes next? Tap the answer!",Game prompt
ml_ep01_s5_wrong,ml_ep01,s5,curious,"Almost! Note, note, drum. After two notes comes...?","Played on a wrong tap; keep it warm, never negative"
ml_ep01_s6_reward,ml_ep01,s6,celebrate,You found the beat! You're a Beat Finder!,Reward step
generic_fallback,shared,,normal,"Hmm, let's try something else!",Used when a step has no fallback and for blocked speech
generic_too_long,shared,,normal,"Wow, that was a lot of words! Can you say it a little shorter?",Speech over 120 characters
safety_tell_grownup,shared,,normal,"It sounds like something important. Please tell a grown-up you trust about it, okay? They can help.",SAFETY: disclosure response. Have a parent/child-safety reviewer approve wording before release
